date,t,p_infected_tested,p_tested,p_infected,p_tested_infected,pop,smoothed_P_t_i,newCases,smoothedCases,pRelDetection,pRelUnderdetection,minNTrue,minUnderdetection,minTrueIncidence,reportedIncidence
2022-03-10,9,0.52,0.003578,0.000081,22.953,84334787,24.158,365792,385638,0.817,0.183,472160,86522,3919.047,3200.893
2022-03-11,10,0.523,0.00368,0.000081,23.68,84334787,24.436,377619,390165,0.826,0.174,472264,82099,3919.91,3238.468
2022-03-12,11,0.526,0.003783,0.000082,24.404,84334787,24.773,391448,395655,0.838,0.162,472405,76750,3921.081,3284.036
2022-03-13,12,0.529,0.003885,0.000082,25.121,84334787,25.172,400995,402160,0.851,0.149,472554,70394,3922.317,3338.029
2022-03-14,13,0.533,0.003931,0.000082,25.507,84334787,25.637,403584,409603,0.867,0.133,472582,62979,3922.55,3399.808
2022-03-15,14,0.537,0.003976,0.000082,25.939,84334787,26.165,415503,417714,0.885,0.115,472206,54492,3919.429,3467.132
2022-03-16,15,0.54,0.004022,0.000082,26.463,84334787,26.751,426129,426021,0.904,0.096,471042,45021,3909.767,3536.082
2022-03-17,16,0.544,0.004067,0.000082,27.112,84334787,27.378,439197,433943,0.926,0.074,468811,34868,3891.25,3601.836
2022-03-18,17,0.548,0.004113,0.000081,27.923,84334787,28.013,450809,440965,0.947,0.053,465610,24645,3864.68,3660.121
2022-03-19,18,0.552,0.004159,0.000079,28.92,84334787,28.603,455343,446804,0.967,0.033,462036,15232,3835.015,3708.586
2022-03-20,19,0.556,0.004204,0.000078,30.066,84334787,29.091,451712,451444,0.984,0.016,459008,7564,3809.882,3747.099
2022-03-21,20,0.555,0.004167,0.000076,30.352,84334787,29.425,451785,455029,0.995,0.005,457397,2368,3796.51,3776.855
2022-03-22,21,0.554,0.004129,0.000075,30.375,84334787,29.578,460318,457665,1,0,457665,0,3798.735,3798.735
2022-03-23,22,0.554,0.004092,0.000075,30.084,84334787,29.551,465950,459316,0.999,0.001,459739,423,3815.95,3812.439
2022-03-24,23,0.553,0.004055,0.000076,29.628,84334787,29.364,466120,459808,0.993,0.007,463157,3349,3844.32,3816.522
2022-03-25,24,0.553,0.004017,0.000076,29.182,84334787,29.044,463677,458915,0.982,0.018,467351,8436,3879.131,3809.11
2022-03-26,25,0.552,0.00398,0.000076,28.846,84334787,28.609,460698,456436,0.967,0.033,471896,15460,3916.856,3788.534
2022-03-27,26,0.551,0.003942,0.000076,28.647,84334787,28.066,459276,452217,0.949,0.051,476580,24363,3955.734,3753.515
2022-03-28,27,0.546,0.003855,0.000075,27.909,84334787,27.417,453691,446154,0.927,0.073,481322,35168,3995.094,3703.191
2022-03-29,28,0.541,0.003768,0.000075,27.05,84334787,26.668,444821,438221,0.902,0.098,486043,47822,4034.279,3637.345
2022-03-30,29,0.536,0.00368,0.000076,26.025,84334787,25.835,436090,428517,0.873,0.127,490608,62091,4072.17,3556.799
2022-03-31,30,0.531,0.003593,0.000076,24.957,84334787,24.942,422333,417296,0.843,0.157,494866,77570,4107.513,3463.662
2022-04-01,31,0.526,0.003506,0.000077,23.942,84334787,24.015,406716,404924,0.812,0.188,498728,93804,4139.568,3360.971
2022-04-02,32,0.521,0.003418,0.000077,23.003,84334787,23.075,388878,391767,0.78,0.22,502185,110418,4168.262,3251.765
2022-04-03,33,0.516,0.003331,0.000078,22.12,84334787,22.133,375949,378083,0.748,0.252,505265,127182,4193.827,3138.184
2022-04-04,34,0.513,0.003232,0.000078,21.235,84334787,21.195,369360,364010,0.717,0.283,507976,143966,4216.329,3021.375
2022-04-05,35,0.509,0.003133,0.000079,20.311,84334787,20.267,354626,349682,0.685,0.315,510347,160665,4236.009,2902.449
2022-04-06,36,0.506,0.003033,0.000079,19.315,84334787,19.355,336447,335392,0.654,0.346,512543,177151,4254.236,2783.838
2022-04-07,37,0.502,0.002934,0.000081,18.283,84334787,18.475,316136,321646,0.625,0.375,514944,193298,4274.165,2669.743
2022-04-08,38,0.498,0.002835,0.000082,17.325,84334787,17.644,297812,309039,0.597,0.403,518081,209042,4300.203,2565.102
2022-04-09,39,0.495,0.002736,0.000082,16.524,84334787,16.873,286690,297994,0.57,0.43,522389,224395,4335.96,2473.425
2022-04-10,40,0.491,0.002636,0.000082,15.828,84334787,16.165,281857,288544,0.547,0.453,527966,239422,4382.251,2394.988
2022-04-11,41,0.499,0.002536,0.000082,15.441,84334787,15.512,280756,280287,0.524,0.476,534464,254177,4436.186,2326.453
2022-04-12,42,0.506,0.002436,0.000082,14.944,84334787,14.895,276578,272548,0.504,0.496,541219,268671,4492.254,2262.217
2022-04-13,43,0.513,0.002335,0.000083,14.362,84334787,14.297,268568,264636,0.483,0.517,547487,282851,4544.28,2196.546
2022-04-14,44,0.521,0.002235,0.000085,13.747,84334787,13.705,260094,256073,0.463,0.537,552678,296605,4587.367,2125.47
2022-04-15,45,0.528,0.002134,0.000086,13.127,84334787,13.113,255352,246724,0.443,0.557,556537,309813,4619.397,2047.871
2022-04-16,46,0.535,0.002034,0.000087,12.494,84334787,12.524,231986,236822,0.423,0.577,559303,322481,4642.356,1965.682
2022-04-17,47,0.543,0.001933,0.000089,11.817,84334787,11.946,225120,226927,0.404,0.596,561867,334940,4663.638,1883.551
2022-04-18,48,0.537,0.001916,0.000091,11.305,84334787,11.387,222697,217845,0.385,0.615,565887,348042,4697.005,1808.168
2022-04-19,49,0.531,0.001899,0.000094,10.756,84334787,10.852,193075,210476,0.367,0.633,573670,363194,4761.606,1747.004
2022-04-20,50,0.526,0.001882,0.000097,10.222,84334787,10.347,186285,205571,0.35,0.65,587641,382070,4877.568,1706.291
2022-04-21,51,0.52,0.001865,0.000100,9.744,84334787,9.874,192244,203459,0.334,0.666,609458,405999,5058.655,1688.761
2022-04-22,52,0.515,0.001847,0.000102,9.325,84334787,9.435,193718,203874,0.319,0.681,639152,435278,5305.123,1692.206
2022-04-23,53,0.509,0.00183,0.000104,8.942,84334787,9.03,210495,205974,0.305,0.695,674660,468686,5599.848,1709.636
2022-04-24,54,0.503,0.001813,0.000107,8.566,84334787,8.664,211262,208534,0.293,0.707,711916,503382,5909.082,1730.885
2022-04-25,55,0.491,0.001818,0.000109,8.168,84334787,8.341,209227,210226,0.282,0.718,745471,535245,6187.597,1744.929
2022-04-26,56,0.478,0.001824,0.000111,7.819,84334787,8.067,232700,209938,0.273,0.727,769754,559816,6389.152,1742.538
2022-04-27,57,0.465,0.001829,0.000112,7.597,84334787,7.844,227207,207056,0.265,0.735,780790,573734,6480.754,1718.617
2022-04-28,58,0.453,0.001834,0.000111,7.491,84334787,7.668,208927,201631,0.259,0.741,777787,576156,6455.828,1673.588
2022-04-29,59,0.44,0.00184,0.000109,7.449,84334787,7.527,191442,194309,0.254,0.746,763515,569206,6337.367,1612.814
2022-04-30,60,0.427,0.001845,0.000106,7.431,84334787,7.405,179651,186015,0.25,0.75,743007,556992,6167.145,1543.971
2022-05-01,61,0.414,0.00185,0.000104,7.403,84334787,7.281,173813,177580,0.246,0.754,721441,543861,5988.142,1473.959
2022-05-02,62,0.414,0.001803,0.000102,7.33,84334787,7.137,170617,169537,0.241,0.759,702598,533061,5831.741,1407.2
2022-05-03,63,0.414,0.001755,0.000101,7.162,84334787,6.966,161474,162139,0.236,0.764,688416,526277,5714.026,1345.795
2022-05-04,64,0.413,0.001707,0.000103,6.88,84334787,6.77,152101,155499,0.229,0.771,679337,523838,5638.668,1290.681
2022-05-05,65,0.413,0.00166,0.000105,6.532,84334787,6.562,144715,149704,0.222,0.778,674820,525116,5601.176,1242.581
2022-05-06,66,0.412,0.001612,0.000107,6.204,84334787,6.359,140630,144810,0.215,0.785,673584,528774,5590.917,1201.96
2022-05-07,67,0.412,0.001564,0.000108,5.96,84334787,6.18,137447,140788,0.209,0.791,673817,533029,5592.851,1168.576
2022-05-08,68,0.411,0.001517,0.000107,5.814,84334787,6.038,135439,137483,0.204,0.796,673501,536018,5590.228,1141.144
2022-05-09,69,0.407,0.001495,0.000105,5.792,84334787,5.936,134718,134639,0.201,0.799,670933,536294,5568.913,1117.538
2022-05-10,70,0.403,0.001473,0.000102,5.807,84334787,5.868,134126,131982,0.198,0.802,665235,533253,5521.618,1095.484
2022-05-11,71,0.399,0.001451,0.000100,5.813,84334787,5.825,130768,129296,0.197,0.803,656508,527212,5449.182,1073.189
2022-05-12,72,0.395,0.001429,0.000097,5.801,84334787,5.794,127151,126459,0.196,0.804,645611,519152,5358.734,1049.642
2022-05-13,73,0.39,0.001406,0.000095,5.792,84334787,5.761,122752,123420,0.195,0.805,633690,510270,5259.787,1024.417
2022-05-14,74,0.386,0.001384,0.000092,5.797,84334787,5.716,119824,120137,0.193,0.807,621644,501507,5159.802,997.167
2022-05-15,75,0.382,0.001362,0.000090,5.803,84334787,5.653,117857,116536,0.191,0.809,609742,493206,5061.012,967.278
2022-05-16,76,0.373,0.001332,0.000088,5.683,84334787,5.57,116798,112537,0.188,0.812,597585,485048,4960.106,934.085
2022-05-17,77,0.365,0.001302,0.000086,5.524,84334787,5.473,111307,108119,0.185,0.815,584293,476174,4849.779,897.415
2022-05-18,78,0.356,0.001272,0.000085,5.333,84334787,5.375,103664,103378,0.182,0.818,568838,465460,4721.499,858.063
2022-05-19,79,0.347,0.001242,0.000084,5.145,84334787,5.295,96982,98511,0.179,0.821,550258,451747,4567.28,817.666
2022-05-20,80,0.338,0.001212,0.000082,5.01,84334787,5.253,91044,93729,0.178,0.822,527727,433998,4380.267,777.974
2022-05-21,81,0.33,0.001182,0.000078,4.97,84334787,5.267,86184,89149,0.178,0.822,500594,411445,4155.056,739.959
2022-05-22,82,0.321,0.001152,0.000073,5.042,84334787,5.349,84381,84738,0.181,0.819,468567,383829,3889.224,703.347
2022-05-23,83,0.316,0.00111,0.000067,5.223,84334787,5.501,83615,80359,0.186,0.814,432100,351741,3586.539,667
2022-05-24,84,0.31,0.001068,0.000060,5.508,84334787,5.717,78303,75893,0.193,0.807,392667,316774,3259.235,629.931
2022-05-25,85,0.305,0.001026,0.000053,5.886,84334787,5.986,72159,71356,0.202,0.798,352559,281203,2926.329,592.273
2022-05-26,86,0.3,0.000983,0.000047,6.306,84334787,6.301,66889,66952,0.213,0.787,314307,247355,2608.827,555.718
2022-05-27,87,0.295,0.000941,0.000042,6.669,84334787,6.657,56622,63020,0.225,0.775,280006,216986,2324.12,523.082
2022-05-28,88,0.289,0.000899,0.000038,6.89,84334787,7.063,54516,59918,0.239,0.761,250922,191004,2082.716,497.335
2022-05-29,89,0.284,0.000857,0.000035,6.949,84334787,7.531,53610,57914,0.255,0.745,227462,169548,1887.992,480.701
2022-05-30,90,0.29,0.00088,0.000033,7.721,84334787,8.07,53468,57118,0.273,0.727,209354,152236,1737.691,474.094
2022-05-31,91,0.296,0.000904,0.000032,8.477,84334787,8.678,53422,57475,0.293,0.707,195906,138431,1626.069,477.057
2022-06-01,92,0.302,0.000927,0.000030,9.246,84334787,9.338,54812,58772,0.316,0.684,186156,127384,1545.142,487.822
2022-06-02,93,0.308,0.000951,0.000029,10.047,84334787,10.024,57508,60663,0.339,0.661,179007,118344,1485.803,503.518
2022-06-03,94,0.314,0.000974,0.000028,10.864,84334787,10.701,67238,62750,0.362,0.638,173450,110700,1439.679,520.841
2022-06-04,95,0.32,0.000998,0.000027,11.643,84334787,11.338,69188,64721,0.383,0.617,168837,104116,1401.39,537.201
2022-06-05,96,0.325,0.001021,0.000027,12.303,84334787,11.915,69804,66508,0.403,0.597,165108,98600,1370.438,552.033
2022-06-06,97,0.338,0.001027,0.000027,12.803,84334787,12.422,69994,68341,0.42,0.58,162726,94385,1350.667,567.248
2022-06-07,98,0.351,0.001033,0.000028,13.077,84334787,12.871,59261,70650,0.435,0.565,162352,91702,1347.563,586.413
2022-06-08,99,0.363,0.001039,0.000029,13.237,84334787,13.288,64883,73840,0.449,0.551,164365,90525,1364.271,612.891
2022-06-09,100,0.376,0.001046,0.000029,13.453,84334787,13.704,75511,78094,0.463,0.537,168554,90460,1399.041,648.2
2022-06-10,101,0.389,0.001052,0.000030,13.824,84334787,14.15,83764,83320,0.478,0.522,174169,90849,1445.647,691.577
2022-06-11,102,0.401,0.001058,0.000030,14.36,84334787,14.643,91161,89232,0.495,0.505,180249,91017,1496.112,740.648
2022-06-12,103,0.414,0.001064,0.000029,15.032,84334787,15.184,93138,95446,0.513,0.487,185927,90481,1543.241,792.226
2022-06-13,104,0.419,0.001083,0.000029,15.706,84334787,15.76,94597,101515,0.533,0.467,190519,89004,1581.356,842.6
2022-06-14,105,0.424,0.001103,0.000028,16.419,84334787,16.348,116791,106970,0.553,0.447,193538,86568,1606.414,887.878
2022-06-15,106,0.429,0.001123,0.000028,17.114,84334787,16.922,123206,111425,0.572,0.428,194766,83341,1616.607,924.856
2022-06-16,107,0.434,0.001142,0.000028,17.734,84334787,17.459,123146,114760,0.59,0.41,194417,79657,1613.71,952.537
2022-06-17,108,0.438,0.001162,0.000028,18.235,84334787,17.95,113397,117235,0.607,0.393,193183,75948,1603.468,973.08
2022-06-18,109,0.443,0.001182,0.000028,18.584,84334787,18.393,116839,119438,0.622,0.378,192067,72629,1594.205,991.366
2022-06-19,110,0.448,0.001202,0.000029,18.752,84334787,18.801,117823,122072,0.636,0.364,192052,69980,1594.08,1013.228
2022-06-20,111,0.455,0.001245,0.000030,19.198,84334787,19.187,118077,125702,0.649,0.351,193783,68081,1608.448,1043.358
2022-06-21,112,0.463,0.001288,0.000031,19.517,84334787,19.565,123328,130568,0.661,0.339,197391,66823,1638.395,1083.747
2022-06-22,113,0.47,0.001332,0.000032,19.83,84334787,19.939,132209,136508,0.674,0.326,202500,65992,1680.801,1133.051
2022-06-23,114,0.477,0.001375,0.000032,20.239,84334787,20.296,141287,143024,0.686,0.314,208432,65408,1730.038,1187.135
2022-06-24,115,0.484,0.001418,0.000033,20.777,84334787,20.607,159655,149469,0.697,0.303,214535,65066,1780.695,1240.63
2022-06-25,116,0.491,0.001462,0.000034,21.392,84334787,20.833,162464,155289,0.704,0.296,220471,65182,1829.965,1288.938
2022-06-26,117,0.499,0.001505,0.000034,21.959,84334787,20.94,163598,160203,0.708,0.292,226291,66088,1878.272,1329.725
2022-06-27,118,0.503,0.001508,0.000035,21.608,84334787,20.913,164038,164227,0.707,0.293,232272,68045,1927.916,1363.126
2022-06-28,119,0.507,0.00151,0.000036,21.024,84334787,20.767,167320,167547,0.702,0.298,238633,71086,1980.714,1390.682
2022-06-29,120,0.511,0.001513,0.000038,20.394,84334787,20.536,171163,170350,0.694,0.306,245358,75008,2036.533,1413.948
2022-06-30,121,0.516,0.001515,0.000039,19.967,84334787,20.253,174470,172729,0.685,0.315,252264,79535,2093.855,1433.694
2022-07-01,122,0.52,0.001518,0.000040,19.826,84334787,19.931,176984,174685,0.674,0.326,259241,84556,2151.766,1449.93
2022-07-02,123,0.524,0.001521,0.000040,19.863,84334787,19.557,179185,176194,0.661,0.339,266484,90290,2211.884,1462.455
2022-07-03,124,0.529,0.001523,0.000041,19.855,84334787,19.1,178253,177276,0.646,0.354,274524,97248,2278.618,1471.436
2022-07-04,125,0.529,0.00153,0.000042,19.403,84334787,18.54,177931,178008,0.627,0.373,283995,105987,2357.23,1477.511
2022-07-05,126,0.53,0.001536,0.000044,18.38,84334787,17.879,179035,178501,0.604,0.396,295296,116795,2451.031,1481.603
2022-07-06,127,0.531,0.001542,0.000048,17.021,84334787,17.159,178600,178873,0.58,0.42,308344,129471,2559.333,1484.691
2022-07-07,128,0.531,0.001549,0.000052,15.856,84334787,16.437,179252,179223,0.556,0.444,322509,143286,2676.906,1487.596
2022-07-08,129,0.532,0.001555,0.000055,15.122,84334787,15.773,179431,179643,0.533,0.467,336867,157224,2796.081,1491.082
2022-07-09,130,0.532,0.001561,0.000057,14.708,84334787,15.205,179602,180223,0.514,0.486,350597,170374,2910.044,1495.896
2022-07-10,131,0.533,0.001568,0.000058,14.431,84334787,14.739,179500,181049,0.498,0.502,363325,182276,3015.689,1502.752
2022-07-11,132,0.536,0.001578,0.000059,14.256,84334787,14.362,179702,182174,0.486,0.514,375172,192998,3114.022,1512.09
2022-07-12,133,0.539,0.001589,0.000061,14.026,84334787,14.049,182678,183600,0.475,0.525,386535,202935,3208.338,1523.926
2022-07-13,134,0.541,0.0016,0.000063,13.748,84334787,13.776,184979,185250,0.466,0.534,397761,212511,3301.517,1537.622
2022-07-14,135,0.544,0.00161,0.000065,13.467,84334787,13.523,187301,186984,0.457,0.543,408992,222008,3394.737,1552.014
2022-07-15,136,0.547,0.001621,0.000067,13.231,84334787,13.278,189030,188621,0.449,0.551,420166,231545,3487.484,1565.602
2022-07-16,137,0.55,0.001632,0.000069,13.06,84334787,13.033,192734,189962,0.441,0.559,431108,241146,3578.305,1576.733
2022-07-17,138,0.552,0.001642,0.000070,12.95,84334787,12.78,193227,190825,0.432,0.568,441635,250810,3665.682,1583.896
2022-07-18,139,0.551,0.001623,0.000071,12.565,84334787,12.513,192908,191062,0.423,0.577,451619,260557,3748.552,1585.863
2022-07-19,140,0.549,0.001605,0.000072,12.242,84334787,12.226,193842,190582,0.413,0.587,461082,270500,3827.097,1581.879
2022-07-20,141,0.547,0.001586,0.000073,11.963,84334787,11.908,193464,189368,0.403,0.597,470362,280994,3904.123,1571.802
2022-07-21,142,0.545,0.001568,0.000073,11.702,84334787,11.546,189621,187485,0.39,0.61,480304,292819,3986.644,1556.173
2022-07-22,143,0.544,0.001549,0.000074,11.425,84334787,11.118,185829,185045,0.376,0.624,492286,307241,4086.098,1535.92
2022-07-23,144,0.542,0.00153,0.000075,11.084,84334787,10.605,180400,182140,0.359,0.641,507983,325843,4216.387,1511.808
2022-07-24,145,0.54,0.001512,0.000077,10.606,84334787,9.998,179537,178786,0.338,0.662,528916,350130,4390.136,1483.969
2022-07-25,146,0.533,0.001475,0.000081,9.696,84334787,9.307,179194,174916,0.315,0.685,555873,380957,4613.886,1451.847
2022-07-26,147,0.526,0.001439,0.000088,8.596,84334787,8.569,175144,170452,0.29,0.71,588345,417893,4883.412,1414.795
2022-07-27,148,0.519,0.001403,0.000097,7.473,84334787,7.841,167913,165397,0.265,0.735,623959,458562,5179.017,1372.837
2022-07-28,149,0.512,0.001367,0.000107,6.544,84334787,7.186,160494,159874,0.243,0.757,658060,498186,5462.064,1326.995
2022-07-29,150,0.505,0.00133,0.000114,5.899,84334787,6.663,152429,154073,0.225,0.775,683977,529904,5677.182,1278.845
2022-07-30,151,0.498,0.001294,0.000117,5.517,84334787,6.307,144619,148147,0.213,0.787,694776,546629,5766.816,1229.657
2022-07-31,152,0.491,0.001258,0.000115,5.388,84334787,6.125,142754,142146,0.207,0.793,686416,544270,5697.426,1179.848
2022-08-01,153,0.484,0.001228,0.000106,5.593,84334787,6.094,141638,136057,0.206,0.794,660324,524267,5480.856,1129.307
2022-08-02,154,0.477,0.001199,0.000094,6.069,84334787,6.169,131309,129907,0.209,0.791,622845,492938,5169.771,1078.261
2022-08-03,155,0.47,0.001169,0.000084,6.546,84334787,6.294,121684,123847,0.213,0.787,582007,458160,4830.805,1027.961
2022-08-04,156,0.464,0.00114,0.000078,6.775,84334787,6.42,113887,118129,0.217,0.783,544271,426142,4517.587,980.5
2022-08-05,157,0.457,0.00111,0.000075,6.784,84334787,6.514,108403,112987,0.22,0.78,513053,400066,4258.469,937.821
2022-08-06,158,0.45,0.001081,0.000073,6.689,84334787,6.565,104562,108518,0.222,0.778,488925,380407,4058.201,900.727
2022-08-07,159,0.444,0.001051,0.000071,6.56,84334787,6.577,103927,104645,0.222,0.778,470601,365956,3906.107,868.58
2022-08-08,160,0.438,0.00104,0.000069,6.56,84334787,6.562,103696,101190,0.222,0.778,456147,354957,3786.135,839.903
2022-08-09,161,0.432,0.00103,0.000068,6.558,84334787,6.528,98572,97989,0.221,0.779,443961,345972,3684.988,813.333
2022-08-10,162,0.427,0.001019,0.000066,6.538,84334787,6.484,93739,94981,0.219,0.781,433271,338290,3596.259,788.366
2022-08-11,163,0.421,0.001008,0.000065,6.481,84334787,6.432,90040,92201,0.217,0.783,423990,331789,3519.224,765.292
2022-08-12,164,0.415,0.000998,0.000065,6.389,84334787,6.375,87514,89719,0.216,0.784,416257,326538,3455.038,744.69
2022-08-13,165,0.41,0.000987,0.000064,6.289,84334787,6.317,86046,87565,0.214,0.786,409977,322412,3402.912,726.812
2022-08-14,166,0.404,0.000976,0.000064,6.206,84334787,6.264,85393,85699,0.212,0.788,404644,318945,3358.647,711.323
2022-08-15,167,0.401,0.000968,0.000063,6.185,84334787,6.223,85203,84039,0.21,0.79,399470,315431,3315.702,697.545
2022-08-16,168,0.397,0.000959,0.000062,6.146,84334787,6.2,81851,82501,0.21,0.79,393603,311102,3267.004,684.779
2022-08-17,169,0.394,0.00095,0.000062,6.082,84334787,6.204,80600,81036,0.21,0.79,386377,305341,3207.027,672.619
2022-08-18,170,0.391,0.000941,0.000061,6.04,84334787,6.239,79598,79623,0.211,0.789,377454,297831,3132.963,660.891
2022-08-19,171,0.387,0.000933,0.000059,6.098,84334787,6.308,78310,78251,0.213,0.787,366943,288692,3045.719,649.503
2022-08-20,172,0.384,0.000924,0.000056,6.299,84334787,6.4,76054,76901,0.216,0.784,355423,278522,2950.101,638.298
2022-08-21,173,0.381,0.000915,0.000053,6.585,84334787,6.499,75639,75534,0.22,0.78,343762,268228,2853.311,626.951
2022-08-22,174,0.376,0.000908,0.000050,6.802,84334787,6.585,75229,74104,0.223,0.777,332861,258757,2762.83,615.082
2022-08-23,175,0.37,0.000902,0.000048,6.892,84334787,6.638,74089,72591,0.224,0.776,323475,250884,2684.924,602.524
2022-08-24,176,0.365,0.000895,0.000048,6.865,84334787,6.645,70932,71021,0.225,0.775,316117,245096,2623.851,589.492
2022-08-25,177,0.36,0.000888,0.000047,6.764,84334787,6.606,68569,69464,0.223,0.777,311043,241579,2581.735,576.569
2022-08-26,178,0.354,0.000881,0.000047,6.622,84334787,6.526,66562,67999,0.221,0.779,308215,240216,2558.262,564.409
2022-08-27,179,0.349,0.000875,0.000047,6.455,84334787,6.418,65625,66671,0.217,0.783,307251,240580,2550.261,553.386
2022-08-28,180,0.344,0.000868,0.000048,6.262,84334787,6.299,65171,65469,0.213,0.787,307431,241962,2551.755,543.409
2022-08-29,181,0.341,0.000865,0.000048,6.109,84334787,6.182,65114,64340,0.209,0.791,307845,243505,2555.191,534.038
2022-08-30,182,0.337,0.000863,0.000049,5.965,84334787,6.079,63884,63225,0.206,0.794,307640,244415,2553.49,524.783
2022-08-31,183,0.334,0.00086,0.000049,5.879,84334787,5.996,62587,62101,0.203,0.797,306324,244223,2542.566,515.454
2022-09-01,184,0.331,0.000857,0.000048,5.85,84334787,5.936,60509,60993,0.201,0.799,303900,242907,2522.447,506.257
2022-09-02,185,0.328,0.000854,0.000048,5.849,84334787,5.896,58954,59960,0.199,0.801,300808,240848,2496.782,497.683
2022-09-03,186,0.325,0.000852,0.000047,5.856,84334787,5.869,57907,59067,0.198,0.802,297695,238628,2470.944,490.271
2022-09-04,187,0.321,0.000849,0.000047,5.851,84334787,5.848,57846,58361,0.198,0.802,295172,236811,2450.002,484.411
2022-09-05,188,0.321,0.000851,0.000046,5.888,84334787,5.829,57634,57862,0.197,0.803,293607,235745,2437.012,480.269
2022-09-06,189,0.321,0.000852,0.000047,5.865,84334787,5.811,56701,57575,0.196,0.804,293047,235472,2432.364,477.887
2022-09-07,190,0.32,0.000854,0.000047,5.788,84334787,5.801,56239,57490,0.196,0.804,293108,235618,2432.87,477.181
2022-09-08,191,0.32,0.000856,0.000048,5.693,84334787,5.813,56971,57590,0.197,0.803,293022,235432,2432.156,478.012
2022-09-09,192,0.32,0.000857,0.000049,5.621,84334787,5.864,57900,57851,0.198,0.802,291821,233970,2422.188,480.178
2022-09-10,193,0.319,0.000859,0.000049,5.622,84334787,5.967,58353,58253,0.202,0.798,288779,230526,2396.939,483.515
2022-09-11,194,0.319,0.000861,0.000048,5.765,84334787,6.126,58249,58793,0.207,0.793,283872,225079,2356.209,487.997
2022-09-12,195,0.322,0.000866,0.000045,6.185,84334787,6.332,58303,59473,0.214,0.786,277826,218353,2306.026,493.641
2022-09-13,196,0.324,0.000872,0.000042,6.685,84334787,6.562,59516,60296,0.222,0.778,271803,211507,2256.033,500.472
2022-09-14,197,0.327,0.000878,0.000041,7.048,84334787,6.789,61149,61243,0.23,0.77,266818,205575,2214.657,508.332
2022-09-15,198,0.33,0.000883,0.000040,7.23,84334787,6.993,62123,62281,0.236,0.764,263425,201144,2186.494,516.948
2022-09-16,199,0.332,0.000889,0.000040,7.307,84334787,7.163,63737,63381,0.242,0.758,261706,198325,2172.226,526.078
2022-09-17,200,0.335,0.000895,0.000041,7.341,84334787,7.301,65070,64547,0.247,0.753,261512,196965,2170.616,535.756
2022-09-18,201,0.338,0.0009,0.000041,7.352,84334787,7.41,65230,65825,0.251,0.749,262739,196914,2180.8,546.364
2022-09-19,202,0.343,0.000922,0.000042,7.53,84334787,7.497,65392,67294,0.253,0.747,265507,198213,2203.775,558.557
2022-09-20,203,0.349,0.000943,0.000043,7.673,84334787,7.558,67607,69037,0.256,0.744,270172,201135,2242.496,573.025
2022-09-21,204,0.354,0.000964,0.000044,7.769,84334787,7.589,69525,71116,0.257,0.743,277191,206075,2300.755,590.281
2022-09-22,205,0.359,0.000986,0.000045,7.801,84334787,7.583,72659,73577,0.256,0.744,286986,213409,2382.056,610.708
2022-09-23,206,0.365,0.001007,0.000047,7.746,84334787,7.544,75549,76488,0.255,0.745,299881,223393,2489.088,634.87
2022-09-24,207,0.37,0.001029,0.000050,7.566,84334787,7.485,79306,79976,0.253,0.747,316035,236059,2623.17,663.821
2022-09-25,208,0.375,0.00105,0.000054,7.242,84334787,7.429,80876,84215,0.251,0.749,335293,251078,2783.016,699.006
2022-09-26,209,0.389,0.001087,0.000059,7.116,84334787,7.404,81831,89341,0.25,0.75,356897,267556,2962.335,741.553
2022-09-27,210,0.403,0.001123,0.000064,7.07,84334787,7.435,89359,95320,0.251,0.749,379223,283903,3147.647,791.18
2022-09-28,211,0.418,0.00116,0.000067,7.192,84334787,7.534,101313,101840,0.255,0.745,399847,298007,3318.831,845.298
2022-09-29,212,0.432,0.001196,0.000069,7.454,84334787,7.699,112339,108347,0.26,0.74,416249,307902,3454.972,899.307
2022-09-30,213,0.446,0.001232,0.000070,7.807,84334787,7.916,120625,114223,0.268,0.732,426813,312590,3542.656,948.08
2022-10-01,214,0.46,0.001269,0.000071,8.21,84334787,8.16,128061,119072,0.276,0.724,431624,312552,3582.588,988.328
2022-10-02,215,0.474,0.001305,0.000072,8.618,84334787,8.407,130142,122960,0.284,0.716,432602,309642,3590.706,1020.599
2022-10-03,216,0.484,0.001329,0.000073,8.816,84334787,8.641,131058,126476,0.292,0.708,432937,306461,3593.486,1049.783
2022-10-04,217,0.494,0.001352,0.000075,8.944,84334787,8.855,112000,130516,0.299,0.701,435982,305466,3618.761,1083.316
2022-10-05,218,0.504,0.001376,0.000077,9.032,84334787,9.051,119719,135882,0.306,0.694,444059,308177,3685.802,1127.855
2022-10-06,219,0.514,0.001399,0.000079,9.142,84334787,9.235,136271,142924,0.312,0.688,457749,314825,3799.432,1186.305
2022-10-07,220,0.524,0.001422,0.000080,9.334,84334787,9.409,154656,151439,0.318,0.682,476086,324647,3951.634,1256.982
2022-10-08,221,0.534,0.001446,0.000080,9.639,84334787,9.564,166472,160819,0.323,0.677,497357,336538,4128.189,1334.838
2022-10-09,222,0.544,0.001469,0.000080,10.03,84334787,9.69,168101,170257,0.328,0.672,519725,349468,4313.849,1413.176
2022-10-10,223,0.54,0.001478,0.000079,10.062,84334787,9.775,169672,178872,0.33,0.67,541276,362404,4492.727,1484.683
2022-10-11,224,0.536,0.001488,0.000080,9.998,84334787,9.816,206857,185796,0.332,0.668,559831,374035,4646.738,1542.154
2022-10-12,225,0.532,0.001497,0.000081,9.849,84334787,9.822,211532,190336,0.332,0.668,573173,382837,4757.48,1579.837
2022-10-13,226,0.528,0.001506,0.000082,9.721,84334787,9.804,204117,192216,0.331,0.669,579893,387677,4813.258,1595.441
2022-10-14,227,0.524,0.001516,0.000082,9.689,84334787,9.774,193677,191685,0.33,0.67,580108,388423,4815.043,1591.034
2022-10-15,228,0.52,0.001525,0.000081,9.75,84334787,9.735,186674,189381,0.329,0.671,575393,386012,4775.907,1571.91
2022-10-16,229,0.516,0.001534,0.000080,9.855,84334787,9.689,185370,186016,0.328,0.672,567838,381822,4713.199,1543.98
2022-10-17,230,0.512,0.001511,0.000079,9.741,84334787,9.637,184281,182111,0.326,0.674,558938,376827,4639.326,1511.567
2022-10-18,231,0.507,0.001488,0.000079,9.599,84334787,9.585,179166,177928,0.324,0.676,549048,371120,4557.237,1476.847
2022-10-19,232,0.503,0.001465,0.000078,9.428,84334787,9.55,174816,173553,0.323,0.677,537528,363975,4461.618,1440.534
2022-10-20,233,0.498,0.001442,0.000077,9.274,84334787,9.552,169658,169007,0.323,0.677,523318,354311,4343.671,1402.801
2022-10-21,234,0.494,0.001419,0.000076,9.221,84334787,9.612,163464,164279,0.325,0.675,505535,341256,4196.068,1363.557
2022-10-22,235,0.489,0.001396,0.000073,9.365,84334787,9.738,157540,159302,0.329,0.671,483889,324587,4016.401,1322.247
2022-10-23,236,0.484,0.001373,0.000068,9.745,84334787,9.924,156097,153932,0.336,0.664,458785,304853,3808.031,1277.674
2022-10-24,237,0.476,0.001334,0.000063,10.108,84334787,10.152,155358,148015,0.343,0.657,431257,283242,3579.542,1228.562
2022-10-25,238,0.467,0.001295,0.000057,10.524,84334787,10.391,145562,141490,0.351,0.649,402741,261251,3342.852,1174.403
2022-10-26,239,0.458,0.001256,0.000053,10.863,84334787,10.612,134986,134474,0.359,0.641,374813,240339,3111.042,1116.168
2022-10-27,240,0.449,0.001217,0.000049,11.071,84334787,10.787,124570,127223,0.365,0.635,348848,221625,2895.526,1055.983
2022-10-28,241,0.44,0.001178,0.000046,11.167,84334787,10.897,116462,119999,0.368,0.632,325711,205712,2703.483,996.022
2022-10-29,242,0.431,0.001139,0.000044,11.189,84334787,10.929,109479,112937,0.37,0.63,305639,192702,2536.881,937.406
2022-10-30,243,0.422,0.001099,0.000042,11.153,84334787,10.873,107654,106030,0.368,0.632,288429,182399,2394.033,880.076
2022-10-31,244,0.412,0.001066,0.000040,11.078,84334787,10.719,106840,99256,0.362,0.638,273902,174646,2273.456,823.85
2022-11-01,245,0.402,0.001033,0.000038,10.899,84334787,10.455,92331,92719,0.353,0.647,262314,169595,2177.272,769.591
2022-11-02,246,0.392,0.001,0.000037,10.575,84334787,10.076,77097,86701,0.341,0.659,254504,167803,2112.447,719.64
2022-11-03,247,0.382,0.000967,0.000037,10.07,84334787,9.587,75503,81548,0.324,0.676,251600,170052,2088.343,676.869
2022-11-04,248,0.372,0.000934,0.000037,9.36,84334787,9.006,73403,77497,0.304,0.696,254535,177038,2112.705,643.245
2022-11-05,249,0.362,0.000901,0.000039,8.44,84334787,8.367,71064,74551,0.283,0.717,263536,188985,2187.415,618.792
2022-11-06,250,0.352,0.000867,0.000041,7.393,84334787,7.717,70435,72478,0.261,0.739,277808,205330,2305.876,601.586
2022-11-07,251,0.344,0.000869,0.000045,6.701,84334787,7.098,69585,70893,0.24,0.76,295437,224544,2452.202,588.43
2022-11-08,252,0.336,0.00087,0.000047,6.149,84334787,6.542,72096,69390,0.221,0.779,313711,244321,2603.88,575.954
2022-11-09,253,0.327,0.000871,0.000050,5.749,84334787,6.067,74294,67673,0.205,0.795,329928,262255,2738.486,561.703
2022-11-10,254,0.319,0.000872,0.000051,5.447,84334787,5.67,66474,65634,0.192,0.808,342368,276734,2841.741,544.779
2022-11-11,255,0.31,0.000873,0.000052,5.2,84334787,5.341,61388,63352,0.181,0.819,350843,287491,2912.085,525.838
2022-11-12,256,0.302,0.000874,0.000053,4.982,84334787,5.063,58435,61004,0.171,0.829,356394,295390,2958.16,506.349
2022-11-13,257,0.294,0.000875,0.000054,4.765,84334787,4.821,57792,58750,0.163,0.837,360423,301673,2991.602,487.64
2022-11-14,258,0.29,0.00087,0.000055,4.573,84334787,4.606,57700,56677,0.156,0.844,363994,307317,3021.242,470.433
2022-11-15,259,0.286,0.000865,0.000057,4.369,84334787,4.41,54405,54811,0.149,0.851,367626,312815,3051.389,454.945
2022-11-16,260,0.282,0.000859,0.000058,4.168,84334787,4.233,52201,53161,0.143,0.857,371464,318303,3083.245,441.25
2022-11-17,261,0.278,0.000854,0.000060,3.99,84334787,4.076,50337,51749,0.138,0.862,375525,323776,3116.952,429.53
2022-11-18,262,0.275,0.000848,0.000061,3.843,84334787,3.941,49169,50599,0.133,0.867,379757,329158,3152.079,419.984
2022-11-19,263,0.271,0.000843,0.000061,3.732,84334787,3.829,48734,49720,0.129,0.871,384054,334334,3187.745,412.689
2022-11-20,264,0.267,0.000837,0.000061,3.646,84334787,3.74,48713,49094,0.126,0.874,388254,339160,3222.606,407.493
2022-11-21,265,0.268,0.000837,0.000062,3.641,84334787,3.672,48462,48683,0.124,0.876,392174,343491,3255.143,404.081
2022-11-22,266,0.268,0.000837,0.000062,3.604,84334787,3.622,47760,48448,0.122,0.878,395646,347198,3283.962,402.131
2022-11-23,267,0.269,0.000836,0.000064,3.54,84334787,3.59,47756,48357,0.121,0.879,398464,350107,3307.352,401.375
2022-11-24,268,0.27,0.000836,0.000065,3.491,84334787,3.575,48160,48387,0.121,0.879,400377,351990,3323.23,401.624
2022-11-25,269,0.271,0.000835,0.000065,3.485,84334787,3.577,48449,48522,0.121,0.879,401199,352677,3330.053,402.745
2022-11-26,270,0.271,0.000835,0.000064,3.525,84334787,3.596,48567,48759,0.122,0.878,401060,352301,3328.899,404.712
2022-11-27,271,0.272,0.000835,0.000063,3.593,84334787,3.627,48675,49098,0.123,0.877,400438,351340,3323.736,407.526
2022-11-28,272,0.274,0.000838,0.000062,3.695,84334787,3.663,48718,49537,0.124,0.876,400034,350497,3320.383,411.17
2022-11-29,273,0.277,0.000841,0.000062,3.765,84334787,3.698,49553,50060,0.125,0.875,400451,350391,3323.844,415.511
2022-11-30,274,0.279,0.000844,0.000062,3.789,84334787,3.726,50856,50631,0.126,0.874,401902,351271,3335.888,420.25
2022-12-01,275,0.282,0.000847,0.000063,3.779,84334787,3.747,51713,51203,0.127,0.873,404142,352939,3354.481,424.998
2022-12-02,276,0.284,0.00085,0.000064,3.76,84334787,3.764,52216,51735,0.127,0.873,406590,354855,3374.8,429.414
2022-12-03,277,0.286,0.000853,0.000065,3.749,84334787,3.78,52637,52212,0.128,0.872,408608,356396,3391.549,433.373
2022-12-04,278,0.289,0.000856,0.000066,3.752,84334787,3.801,52683,52650,0.129,0.871,409717,357067,3400.754,437.008
2022-12-05,279,0.291,0.000857,0.000066,3.771,84334787,3.832,52758,53091,0.13,0.87,409752,356661,3401.045,440.669
2022-12-06,280,0.294,0.000859,0.000066,3.816,84334787,3.877,52800,53576,0.131,0.869,408773,355197,3392.919,444.694
2022-12-07,281,0.297,0.000861,0.000066,3.884,84334787,3.934,53731,54133,0.133,0.867,407034,352901,3378.485,449.318
2022-12-08,282,0.299,0.000863,0.000065,3.97,84334787,4.001,54585,54770,0.135,0.865,404925,350155,3360.98,454.605
2022-12-09,283,0.302,0.000865,0.000064,4.068,84334787,4.072,55596,55477,0.138,0.862,402934,347457,3344.454,460.473
2022-12-10,284,0.305,0.000867,0.000063,4.175,84334787,4.142,56343,56250,0.14,0.86,401720,345470,3334.377,466.889
2022-12-11,285,0.308,0.000869,0.000062,4.284,84334787,4.201,56865,57090,0.142,0.858,401950,344860,3336.286,473.861
2022-12-12,286,0.312,0.00086,0.000062,4.349,84334787,4.246,56953,58004,0.144,0.856,404102,346098,3354.149,481.448
2022-12-13,287,0.317,0.00085,0.000062,4.377,84334787,4.275,58796,58985,0.145,0.855,408093,349108,3387.275,489.59
2022-12-14,288,0.321,0.000841,0.000062,4.348,84334787,4.297,59648,59998,0.145,0.855,412989,352991,3427.913,497.999
2022-12-15,289,0.326,0.000832,0.000064,4.263,84334787,4.326,61688,60985,0.146,0.854,416985,356000,3461.081,506.191
2022-12-16,290,0.33,0.000822,0.000065,4.165,84334787,4.381,63006,61882,0.148,0.852,417834,355952,3468.128,513.636
2022-12-17,291,0.335,0.000813,0.000066,4.145,84334787,4.478,63578,62645,0.151,0.849,413768,351123,3434.379,519.969
2022-12-18,292,0.339,0.000804,0.000063,4.307,84334787,4.627,63513,63265,0.156,0.844,404412,341147,3356.722,525.115
2022-12-19,293,0.347,0.00079,0.000059,4.681,84334787,4.823,63653,63758,0.163,0.837,390987,327229,3245.291,529.207
2022-12-20,294,0.356,0.000776,0.000054,5.091,84334787,5.051,64284,64137,0.171,0.829,375608,311471,3117.641,532.353
2022-12-21,295,0.364,0.000763,0.000051,5.409,84334787,5.286,64762,64381,0.179,0.821,360261,295880,2990.257,534.379
2022-12-22,296,0.372,0.000749,0.000049,5.648,84334787,5.504,64791,64406,0.186,0.814,346109,281703,2872.792,534.586
2022-12-23,297,0.38,0.000735,0.000048,5.854,84334787,5.684,65428,64067,0.192,0.808,333412,269345,2767.404,531.772
2022-12-24,298,0.388,0.000722,0.000046,6.054,84334787,5.808,66104,63202,0.196,0.804,321864,258662,2671.552,524.593
2022-12-25,299,0.396,0.000708,0.000045,6.255,84334787,5.869,66007,61701,0.198,0.802,310981,249280,2581.221,512.134
2022-12-26,300,0.391,0.000682,0.000044,6.114,84334787,5.866,65892,59585,0.198,0.802,300462,240877,2493.91,494.571
2022-12-27,301,0.385,0.000656,0.000043,5.942,84334787,5.811,53448,57030,0.196,0.804,290292,233262,2409.497,473.363
2022-12-28,302,0.38,0.000629,0.000042,5.737,84334787,5.725,52392,54328,0.194,0.806,280665,226337,2329.59,450.936
2022-12-29,303,0.374,0.000603,0.000041,5.53,84334787,5.638,50896,51791,0.191,0.809,271716,219925,2255.311,429.878
2022-12-30,304,0.369,0.000577,0.000040,5.36,84334787,5.579,47987,49666,0.189,0.811,263308,213642,2185.523,412.24
2022-12-31,305,0.363,0.000551,0.000038,5.248,84334787,5.578,44654,48071,0.189,0.811,254888,206817,2115.635,399.001
2023-01-01,306,0.358,0.000524,0.000036,5.194,84334787,5.658,43796,46964,0.191,0.809,245499,198535,2037.704,389.813
2023-01-02,307,0.345,0.000535,0.000034,5.463,84334787,5.833,43279,46155,0.197,0.803,234031,187876,1942.516,383.098
2023-01-03,308,0.332,0.000547,0.000031,5.794,84334787,6.109,51906,45371,0.207,0.793,219683,174312,1823.424,376.591
2023-01-04,309,0.32,0.000558,0.000029,6.185,84334787,6.482,48019,44367,0.219,0.781,202461,158094,1680.477,368.257
2023-01-05,310,0.307,0.000569,0.000026,6.643,84334787,6.942,43704,43028,0.235,0.765,183323,140295,1521.627,357.143
2023-01-06,311,0.294,0.00058,0.000024,7.2,84334787,7.472,40861,41395,0.253,0.747,163858,122463,1360.063,343.589
2023-01-07,312,0.281,0.000592,0.000021,7.9,84334787,8.043,37879,39604,0.272,0.728,145650,106046,1208.932,328.723
2023-01-08,313,0.269,0.000603,0.000018,8.761,84334787,8.615,37366,37797,0.291,0.709,129767,91970,1077.099,313.725
2023-01-09,314,0.259,0.000596,0.000016,9.523,84334787,9.148,37130,36072,0.309,0.691,116630,80558,968.058,299.407
2023-01-10,315,0.249,0.000589,0.000014,10.196,84334787,9.607,34499,34484,0.325,0.675,106166,71682,881.205,286.226
2023-01-11,316,0.239,0.000582,0.000013,10.653,84334787,9.976,31268,33068,0.337,0.663,98048,64980,813.823,274.473
2023-01-12,317,0.229,0.000575,0.000012,10.874,84334787,10.253,28871,31843,0.347,0.653,91858,60015,762.445,264.305
2023-01-13,318,0.219,0.000568,0.000011,10.902,84334787,10.453,26534,30816,0.353,0.647,87195,56379,723.74,255.781
